Designator,Footprint,Quantity,Value,LCSC Part #
"C1, C40, C41",CE_Radial_D8.0mm_P3.50mm_E2.0mm,3,220µF,
"C10, C11, C12, C13, C19, C2, C27, C28, C29, C36, C37, C38, C39, C48, C52, C8, C9",C_CER_D50_W25_P50_E20_H08,17,100n,
C14,C_MKT_L70_W35_P50__E20_H08,1,2n2,
C15,CE_Radial_D6.3mm_P2.50mm_E2.0mm,1,10µF,
C16,C_MKT_L70_W35_P50__E20_H08,1,10n,
C17,GZC18100,1,120p,
C18,CE_Radial_D8.0mm_P3.50mm_E2.0mm,1,100µF,
"C20, C22",C_MKT_L70_W25_P50__E20_H08,2,1n,
"C21, C23",C_MKT_L70_W25_P50__E20_H08,2,470p,
"C24, C49, C50, C51",C_CER_D30_W16_P25_E20_H08,4,10n,
"C25, C5",C_CER_D30_W16_P25_E20_H08,2,47p,
"C26, C46, C47",C_CER_D30_W16_P25_E20_H08,3,15p,
C3,C_CER_D30_W16_P25_E20_H08,1,100p,
"C30, C31, C32, C33",C_MKT_L70_W25_P50__E20_H08,4,22n,
C34,TZ03,1,120p,
C35,CAP-VAR-223P-NO-CY,1,142+59 pF,
"C4, C54, C55",C_MKT_L70_W35_P50__E20_H08,3,100n,
C42,CP_Radial_D13.0mm_P5.00mm,1,1000µF,
C43,CP_Radial_D13.0mm_P5.00mm,1,2200µF,
"C44, C45",C_Disc_D10.5mm_W5.0mm_P10.00mm,2,4n7/Y1,
C53,CE_Radial_D6.3mm_P2.50mm_E2.0mm,1,10u,
C58,C_CER_D30_W16_P25_E20_H08,1,4p7,
"C59, C60",C_CER_D30_W16_P25_E20_H08,2,220p,
C6,C_CER_D30_W16_P25_E20_H08,1,27p,
C7,C_MKT_L70_W45_P50__E20_H08,1,470n,
D1,Diode_Bridge_DIP-4_W7.62mm_P5.08mm,1,DIL4/1A,
"D2, D3",D_DO-41_SOD81_P10.16mm_Horizontal,2,1N4001,
"D4, D5",D_DO-35_SOD27_P7.62mm_Horizontal,2,BAT85,
E1,ANTENNA-V3MM5,1,ANTENNA,
"H1, H2, H3, H4",MountingHole_3.2mm_M3_DIN965_Pad,4,MountingHole,
J1,EURO_AC_BX-180,1,230V~,
J2,PinHeader_1x03_P2.54mm_Vertical,1,Conn_01x03,
"J4, J5",Keystone RCA,2,Keystone 900,
"JP1, JP4, JP5, JP6, JP7, JP8, JP9",SolderJumper-3_P1.3mm_Bridged12_RoundedPad1.0x1.5mm_NumberLabels,7,SolderJumper_3_Bridged12,
JP2,PinHeader_2x03_P2.54mm_Vertical,1,LSEL,
JP3,SolderJumper-3_P1.3mm_Bridged23_RoundedPad1.0x1.5mm_NumberLabels,1,SolderJumper_3_Bridged12,
L1,L_Axial_L9.5mm_D4.0mm_P12.70mm_Horizontal,1,470 µH,
L2,L_Axial_L9.5mm_D4.0mm_P12.70mm_Horizontal,1,330 µH,
"L3, L4",L_Axial_L9.5mm_D4.0mm_P12.70mm_Horizontal,2,180 µH,
L5,0805,1,120nH,
M1,ESP32-WROVER-DEV_ON_HEADERS_BARE,1,ESP32-WROVER-CAM,
M2,MOD-USD-ADAPTER18X18,1,µSD CARD MODULE,
M3,MOD-MOD-FM-TRANS-A-ON-HEADERS,1,ELECHOUSE FM TRANSMITTER V2.0,
M4,OLED128X64-P4-Card-Edge-dual,1,OLED-27X27MM,
M5,HiLink_5Mxx,1,Hi-Link HLK-5M15,
M6,MOD-DC-DC-DUAL,1,CN3903 5V/3A Module,
"Q1, Q2, Q3",TO-92_HandSolder,3,2N7000,
"R1, R2, R27, R3, R30, R39, R4, R41, R42, R43, R44, R5, R7, R8",R_Axial_L6.0mm_D2.0mm_P10.16mm_Horizontal,14,10k,
"R10, R46",R_Axial_L6.0mm_D2.0mm_P10.16mm_Horizontal,2,10R,
"R12, R13, R14, R15, R35, R36",R_Axial_L6.0mm_D2.0mm_P10.16mm_Horizontal,6,7k5,
"R16, R17, R18, R31",R_Axial_L6.0mm_D2.0mm_P10.16mm_Horizontal,4,30k,
R19,R_Axial_L6.0mm_D2.0mm_P10.16mm_Horizontal,1,220K,
"R20, R21",R_Axial_L6.0mm_D2.0mm_P10.16mm_Horizontal,2,1M,
R22,R_Axial_L6.0mm_D2.0mm_P10.16mm_Horizontal,1,2K2,
"R23, R6",R_Axial_L6.0mm_D2.0mm_P10.16mm_Horizontal,2,100K,
R24,R_Axial_L6.0mm_D2.0mm_P10.16mm_Horizontal,1,3K3,
R25,R_Axial_L6.0mm_D2.0mm_P10.16mm_Horizontal,1,2M2,
R26,R_Axial_L6.0mm_D2.0mm_P10.16mm_Horizontal,1,5K6,
"R28, R29, R40",R_Axial_L6.0mm_D2.0mm_P10.16mm_Horizontal,3,220R,
R32,R_Axial_L6.0mm_D2.0mm_P10.16mm_Horizontal,1,8k2,
"R33, R34",R_Axial_L6.0mm_D2.0mm_P10.16mm_Horizontal,2,4K7,
R37,R_Axial_L6.0mm_D2.0mm_P10.16mm_Horizontal,1,15k,
"SH1, SH2, SH3",Shielding-pad-2.5x5.0-H1.5,3,Shield,
SW1,SW_Tactile_SPST_Angled_PTS645Vx83-2LFS,1,DOWN,
SW2,SW_Tactile_SPST_Angled_PTS645Vx83-2LFS,1,UP,
SW3,SW_Tactile_SPST_Angled_PTS645Vx83-2LFS,1,PAUSE/OK,
SW4,SW_Tactile_SPST_Angled_PTS645Vx83-2LFS,1,MENU,
SW5,SWITCH-C&K-7101,1,SW_SPDT,
SW7,RotaryEncoder_Bourns_Horizontal_PEC12R-2xxxF-Sxxxx,1,RotaryEncoder_Switch,
"TP1, TP2, TP3",TestPoint_Loop_D1.80mm_Drill1.0mm_Beaded,3,TestPoint,
TR1,Transformer-Tiple-Footprint-38x45,1,2x7.5V/3.2VA,
U1,DIP-16_W7.62mm_LongPads,1,CD4053B,
"U10, U11",DIP-SO-08_W7.62mm,2,LM358,
U12,SOIC-16_3.9x9.9mm_P1.27mm_alt1,1,KT0803L,
U13,Vishay_MINIMOLD-3Pin,1,TSOP4538,
U2,DIP-16_W7.62mm_LongPads,1,CD4060B,
U3,DIP-16_W7.62mm_LongPads,1,CD4046B,
U4,DIP-16_W7.62mm_LongPads,1,CD40103B,
U5,DIP-SO-08_W7.62mm,1,24LC64,
U6,DIP-SO-08_W7.62mm,1,PT8211,
U7,TO-220-3_Horizontal_TabDown,1,7805,
U8,TO-220-3_Vertical,1,7815,
U9,DIP-16_W7.62mm_LongPads,1,CD4015B,
X1,Crystal_HC49-U_Vertical,1,9.216 MHz,
X2,Crystal_AT310_D3.0mm_L10.0mm_Horizontal_1EP_style2,1,32.768kHz,
